# bin_right_edge,frequency
3.896850,80.000000
7.706700,69.000000
11.516550,50.000000
15.326400,39.000000
19.136250,15.000000
22.946100,20.000000
26.755950,10.000000
30.565800,5.000000
34.375650,4.000000
38.185500,4.000000
41.995350,1.000000
45.805200,0.000000
49.615050,0.000000
53.424900,1.000000
57.234750,0.000000
61.044600,1.000000
64.854450,0.000000
68.664300,0.000000
72.474150,0.000000
76.284000,1.000000
