index,class_intervals,actual_freq,expected_freq,chi_sq
0,0.00 <= x < 0.80,16,15.000000000000004,0.06666666666666618
1,0.80 <= x < 1.64,7,14.999999999999998,4.266666666666666
2,1.64 <= x < 2.53,11,14.999999999999996,1.066666666666665
3,2.53 <= x < 3.47,10,14.999999999999996,1.6666666666666647
4,3.47 <= x < 4.47,15,15.000000000000005,1.8932661725304276e-30
5,4.47 <= x < 5.54,14,15.000000000000014,0.0666666666666685
6,5.54 <= x < 6.69,18,14.99999999999998,0.6000000000000086
7,6.69 <= x < 7.94,16,15.000000000000014,0.06666666666666471
8,7.94 <= x < 9.29,19,14.99999999999998,1.0666666666666784
9,9.29 <= x < 10.77,17,14.99999999999998,0.2666666666666722
10,10.77 <= x < 12.41,15,15.000000000000046,1.4220532584784062e-28
11,12.41 <= x < 14.24,19,14.99999999999998,1.0666666666666784
12,14.24 <= x < 16.31,18,15.000000000000046,0.5999999999999797
13,16.31 <= x < 18.71,14,14.999999999999947,0.0666666666666598
14,18.71 <= x < 21.54,21,15.000000000000014,2.399999999999986
15,21.54 <= x < 25.01,13,15.000000000000014,0.2666666666666702
16,25.01 <= x < 29.48,13,14.99999999999998,0.2666666666666618
17,29.48 <= x < 35.78,20,15.000000000000014,1.6666666666666556
18,35.78 <= x < 46.54,12,14.99999999999998,0.599999999999993
19,46.54 <= x < 115.00,12,14.816941567528152,0.5355464053565646
