# bin_right_edge,frequency
5.230400,63.000000
10.429800,55.000000
15.629200,36.000000
20.828600,36.000000
26.028000,27.000000
31.227400,20.000000
36.426800,16.000000
41.626200,10.000000
46.825600,6.000000
52.025000,9.000000
57.224400,4.000000
62.423800,4.000000
67.623200,0.000000
72.822600,5.000000
78.022000,2.000000
83.221400,2.000000
88.420800,1.000000
93.620200,0.000000
98.819600,0.000000
104.019000,4.000000
