# bin_right_edge,frequency
1.475400,83.000000
2.943800,64.000000
4.412200,48.000000
5.880600,22.000000
7.349000,26.000000
8.817400,10.000000
10.285800,15.000000
11.754200,8.000000
13.222600,5.000000
14.691000,4.000000
16.159400,3.000000
17.627800,6.000000
19.096200,1.000000
20.564600,0.000000
22.033000,1.000000
23.501400,2.000000
24.969800,0.000000
26.438200,1.000000
27.906600,0.000000
29.375000,1.000000
