index,class_intervals,actual_freq,expected_freq,chi_sq
0,0.00 <= x < 0.45,7,15.000000000000004,4.266666666666669
1,0.45 <= x < 0.93,22,14.999999999999998,3.266666666666669
2,0.93 <= x < 1.43,13,14.999999999999996,0.2666666666666658
3,1.43 <= x < 1.96,16,14.999999999999996,0.06666666666666715
4,1.96 <= x < 2.53,11,15.000000000000005,1.066666666666669
5,2.53 <= x < 3.14,11,15.000000000000014,1.0666666666666733
6,3.14 <= x < 3.79,16,14.99999999999998,0.06666666666666936
7,3.79 <= x < 4.49,21,15.000000000000014,2.399999999999986
8,4.49 <= x < 5.26,18,14.99999999999998,0.6000000000000086
9,5.26 <= x < 6.10,22,15.000000000000014,3.26666666666665
10,6.10 <= x < 7.02,15,15.000000000000014,1.3463226115771923e-29
11,7.02 <= x < 8.06,18,15.000000000000014,0.5999999999999938
12,8.06 <= x < 9.23,13,15.000000000000014,0.2666666666666702
13,9.23 <= x < 10.59,13,14.999999999999947,0.2666666666666534
14,10.59 <= x < 12.19,9,15.000000000000014,2.4000000000000092
15,12.19 <= x < 14.16,11,15.000000000000014,1.0666666666666733
16,14.16 <= x < 16.69,16,14.99999999999998,0.06666666666666936
17,16.69 <= x < 20.25,16,15.000000000000014,0.06666666666666471
18,20.25 <= x < 26.35,17,14.99999999999998,0.2666666666666722
19,26.35 <= x < 52.00,15,14.188018645175958,0.04646975289999764
