# bin_right_edge,frequency
3.040350,80.000000
5.989700,53.000000
8.939050,42.000000
11.888400,33.000000
14.837750,23.000000
17.787100,13.000000
20.736450,7.000000
23.685800,6.000000
26.635150,8.000000
29.584500,8.000000
32.533850,5.000000
35.483200,2.000000
38.432550,4.000000
41.381900,5.000000
44.331250,3.000000
47.280600,1.000000
50.229950,2.000000
53.179300,4.000000
56.128650,0.000000
59.078000,1.000000
